<?xml version="1.0" encoding="utf-8"?>

<LinearLayout xmlns:android="http://schemas.android.com/apk/res/android"
              android:orientation="vertical"
              android:layout_width="match_parent"
              android:layout_height="match_parent"
            android:background="@color/colorPrimary">

    <ImageView
        android:layout_width="match_parent"
        android:layout_height="0dp"
        android:layout_weight="5"
        android:id="@+id/imageTampil"/>

    <LinearLayout
        android:layout_width="match_parent"
        android:layout_height="0dp"
        android:layout_weight="1"
        android:orientation="horizontal">

        <LinearLayout
            android:layout_width="0dp"
            android:layout_height="match_parent"
            android:layout_weight="1"
            android:background ="@color/colorPrimary">
            <LinearLayout
                android:layout_width="match_parent"
                android:layout_height="match_parent"
                android:orientation="vertical"
                android:gravity="center"
                android:id="@+id/gaussian"
                android:background="?android:attr/selectableItemBackground">
                <ImageView
                    android:src="@drawable/gaussian"
                    android:layout_height="40dp"
                    android:layout_width="40dp"
                   />
                <TextView
                    android:layout_width="wrap_content"
                    android:layout_height="wrap_content"
                    android:text="Gaussian"
                    android:textColor="@color/headline"
                    />
            </LinearLayout>
        </LinearLayout>

        <LinearLayout
            android:layout_width="0dp"
            android:layout_height="match_parent"
            android:layout_weight="1"
            android:background ="@color/category_canny">
            <LinearLayout
                android:layout_width="match_parent"
                android:layout_height="match_parent"
                android:gravity="center"
                android:id="@+id/canny"
                android:orientation="vertical"
                android:background="?android:attr/selectableItemBackground"
                ><ImageView
                android:src="@drawable/canny"
                android:layout_height="40dp"
                android:layout_width="40dp"
                />
                <TextView
                    android:layout_width="wrap_content"
                    android:layout_height="wrap_content"
                    android:text="Canny"
                    android:textColor="@color/headline"
                    /></LinearLayout>

        </LinearLayout>

        <LinearLayout
            android:layout_width="0dp"
            android:layout_height="match_parent"
            android:layout_weight="1"
            android:background ="@color/category_hough">
            <LinearLayout
                android:layout_width="match_parent"
                android:layout_height="match_parent"
                android:gravity="center"
                android:id="@+id/hough"
                android:orientation="vertical"
                android:background="?android:attr/selectableItemBackground">
                <ImageView
                    android:src="@drawable/hough"
                    android:layout_height="40dp"
                    android:layout_width="40dp"
                   />
                <TextView
                    android:layout_width="wrap_content"
                    android:layout_height="wrap_content"
                    android:text="Hough"
                    android:textColor="@color/headline"
                    />
            </LinearLayout>

        </LinearLayout>

        <LinearLayout
            android:layout_width="0dp"
            android:layout_height="match_parent"
            android:layout_weight="1"
            android:background ="@color/category_adaptive">
            <LinearLayout
                android:layout_width="match_parent"
                android:layout_height="match_parent"
                android:gravity="center"
                android:id="@+id/adaptive"
                android:orientation="vertical"
                android:background="?android:attr/selectableItemBackground">
                <ImageView
                    android:src="@drawable/adaptive"
                    android:layout_height="40dp"
                    android:layout_width="40dp"
                    />
                <TextView
                    android:layout_width="wrap_content"
                    android:layout_height="wrap_content"
                    android:text="Adaptive"
                    android:textColor="@color/headline"
                    />
            </LinearLayout>

        </LinearLayout>


    </LinearLayout>








</LinearLayout>